bodyId,in_degree,Q_value,in_degree_bin
729621875,404.0,0.1715265599099134,"(386.5, 426.0]"
487144598,707.0,0.24658162073030573,"(610.2, 881.4]"
1672320134,405.0,-0.004608122373569288,"(386.5, 426.0]"
550426732,335.0,0.17086063013469013,"(326.0, 346.6]"
5813132515,294.0,0.16617766540257553,"(292.0, 304.8]"
1167995070,281.0,0.19431831280512485,"(280.999, 292.0]"
5813077633,345.0,0.1618750354544824,"(326.0, 346.6]"
5813021602,357.0,0.17881245047561067,"(346.6, 386.5]"
1100792636,402.0,0.24156883779868824,"(386.5, 426.0]"
1730327790,702.0,0.0023274462936147475,"(610.2, 881.4]"
956518968,306.0,0.18720041119450584,"(304.8, 326.0]"
2124762952,1693.0,0.2709049805131131,"(881.4, 2666.0]"
580227374,373.0,0.2149701465025051,"(346.6, 386.5]"
1698347801,641.0,0.08123083548025449,"(610.2, 881.4]"
1140923511,287.0,0.2012775491373113,"(280.999, 292.0]"
915105429,424.0,0.2223432950927855,"(386.5, 426.0]"
5812981791,320.0,0.15449674623890056,"(304.8, 326.0]"
5813069496,290.0,0.15925096495371188,"(280.999, 292.0]"
508689623,357.0,0.2207383554022775,"(346.6, 386.5]"
1411737459,625.0,0.2107566004368555,"(610.2, 881.4]"
734801540,309.0,0.18030289114757211,"(304.8, 326.0]"
418607079,328.0,0.21254611096097917,"(326.0, 346.6]"
5813057245,335.0,0.2257063859303851,"(326.0, 346.6]"
669325882,363.0,0.2683248489411481,"(346.6, 386.5]"
5813058048,729.0,0.09605776414498304,"(610.2, 881.4]"
5813020996,388.0,0.16283393201399315,"(386.5, 426.0]"
5813105172,2250.0,0.21904787484249974,"(881.4, 2666.0]"
5813020828,869.0,0.15973526116277872,"(610.2, 881.4]"
5813050499,717.0,0.16501650102819285,"(610.2, 881.4]"
5813034493,1515.0,-0.0011053525044008663,"(881.4, 2666.0]"
5813062858,735.0,0.2859618146600521,"(610.2, 881.4]"
638829946,281.0,0.19548057067770752,"(280.999, 292.0]"
1857799548,458.0,-0.010104539055187744,"(426.0, 493.0]"
299082033,326.0,0.14342253126695972,"(304.8, 326.0]"
5813075030,294.0,0.156009659922447,"(292.0, 304.8]"
1572240664,687.0,0.279966311394836,"(610.2, 881.4]"
1748929680,332.0,0.1608542993831062,"(326.0, 346.6]"
895441451,516.0,0.23748810797301764,"(493.0, 610.2]"
549597974,297.0,0.19843079808528885,"(292.0, 304.8]"
5813078621,296.0,0.2321824748393872,"(292.0, 304.8]"
703282980,434.0,0.20562239491457188,"(426.0, 493.0]"
1139667240,382.0,0.0835090744774101,"(346.6, 386.5]"
1262014782,492.0,0.1785354793809251,"(426.0, 493.0]"
548712377,484.0,0.18722073385148635,"(426.0, 493.0]"
549722579,466.0,0.19456590626088402,"(426.0, 493.0]"
423770604,288.0,0.24902502674145688,"(280.999, 292.0]"
328943204,331.0,0.1904601872313549,"(326.0, 346.6]"
329566174,743.0,0.32978487177943544,"(610.2, 881.4]"
5813057162,694.0,0.1898469678361461,"(610.2, 881.4]"
1189912812,305.0,0.1727907198488813,"(304.8, 326.0]"
5813053957,283.0,0.24939392296703788,"(280.999, 292.0]"
1007576087,288.0,0.23174756433443613,"(280.999, 292.0]"
487925063,1068.0,0.16360570879312722,"(881.4, 2666.0]"
2041621893,488.0,-0.0313259855992104,"(426.0, 493.0]"
799868224,692.0,0.2612080565971845,"(610.2, 881.4]"
1221457679,515.0,0.29236114232001087,"(493.0, 610.2]"
1406966879,594.0,0.12045049271470629,"(493.0, 610.2]"
5813037804,300.0,0.2674907972226336,"(292.0, 304.8]"
393766777,1550.0,0.23357906068210837,"(881.4, 2666.0]"
5813068748,289.0,0.3110674786583964,"(280.999, 292.0]"
1542024630,335.0,0.16692453733882784,"(326.0, 346.6]"
328373131,296.0,0.21640148405719312,"(292.0, 304.8]"
5901213440,493.0,0.20674206063196227,"(426.0, 493.0]"
550081497,764.0,0.15195379353830363,"(610.2, 881.4]"
517086196,417.0,0.1905559009062881,"(386.5, 426.0]"
1008292492,285.0,0.24581154530355867,"(280.999, 292.0]"
792368888,550.0,0.14103526779525635,"(493.0, 610.2]"
5813054857,331.0,0.17354510796946548,"(326.0, 346.6]"
5813056054,398.0,0.1792981914885584,"(386.5, 426.0]"
1006967204,435.0,0.2160022960545472,"(426.0, 493.0]"
1628523730,706.0,0.2135582956474776,"(610.2, 881.4]"
1535086505,318.0,0.10652781687090834,"(304.8, 326.0]"
517506265,405.0,0.21053878025677286,"(386.5, 426.0]"
1702323386,295.0,-0.00586738963992625,"(292.0, 304.8]"
361722354,694.0,0.18894449498232127,"(610.2, 881.4]"
1503733177,498.0,0.2613328382842709,"(493.0, 610.2]"
1435791739,731.0,0.2361944651240784,"(610.2, 881.4]"
5813068707,418.0,0.20298484575712245,"(386.5, 426.0]"
5813057274,424.0,0.24370298960006823,"(386.5, 426.0]"
5813039148,790.0,0.2640117446986897,"(610.2, 881.4]"
268731005,289.0,0.18454141507304592,"(280.999, 292.0]"
1671292719,816.0,-7.248424867053872e-05,"(610.2, 881.4]"
5813077544,318.0,0.2176920160177528,"(304.8, 326.0]"
1038070642,294.0,0.2289897180692921,"(292.0, 304.8]"
5812990958,283.0,0.12630142207329167,"(280.999, 292.0]"
758419409,292.0,0.19525785467081236,"(280.999, 292.0]"
5813057579,1021.0,0.23289596920348687,"(881.4, 2666.0]"
5813021574,287.0,0.24396267602430619,"(280.999, 292.0]"
1701947337,532.0,-0.0078079753301755735,"(493.0, 610.2]"
425790257,2666.0,0.25771672850301713,"(881.4, 2666.0]"
5813022424,1515.0,0.2280959384962636,"(881.4, 2666.0]"
890671753,290.0,0.2319338441048271,"(280.999, 292.0]"
423101189,1180.0,0.21485774839541238,"(881.4, 2666.0]"
550068041,331.0,0.17941582330768785,"(326.0, 346.6]"
948709216,394.0,0.19575052871209703,"(386.5, 426.0]"
1013982515,688.0,0.19535797513212683,"(610.2, 881.4]"
5813039309,370.0,-0.009838519466566062,"(346.6, 386.5]"
5813026589,549.0,0.19380711750856222,"(493.0, 610.2]"
1192848260,417.0,0.2117917752723201,"(386.5, 426.0]"
1140245595,448.0,0.1789974342313615,"(426.0, 493.0]"
1070950293,415.0,0.2625625058463089,"(386.5, 426.0]"
859372751,320.0,0.19458084874034023,"(304.8, 326.0]"
1016835041,1256.0,0.12071817309790174,"(881.4, 2666.0]"
5813021535,282.0,0.25291737945019266,"(280.999, 292.0]"
1352684733,509.0,0.21974908403012253,"(493.0, 610.2]"
1196854070,1413.0,0.18653212528451754,"(881.4, 2666.0]"
5813068559,346.0,0.1878741871087362,"(326.0, 346.6]"
422725634,979.0,0.16257066652106172,"(881.4, 2666.0]"
330268940,871.0,0.23050808663836034,"(610.2, 881.4]"
1627030775,364.0,0.27011101385972147,"(346.6, 386.5]"
5813068729,910.0,0.11945480084771477,"(881.4, 2666.0]"
487925037,670.0,0.08592104186646812,"(610.2, 881.4]"
1138587910,297.0,0.22090056008349082,"(292.0, 304.8]"
5813033279,355.0,0.26304211421252405,"(346.6, 386.5]"
1436629378,387.0,0.18029440770841773,"(386.5, 426.0]"
1448575109,290.0,0.21650840918807043,"(280.999, 292.0]"
1639886198,281.0,-0.02036103768145492,"(280.999, 292.0]"
1977579449,317.0,-0.013076053814845263,"(304.8, 326.0]"
5813061260,390.0,0.29310021011572285,"(386.5, 426.0]"
1449955631,332.0,0.21506778196657053,"(326.0, 346.6]"
1040004619,346.0,0.19694775981243995,"(326.0, 346.6]"
421946059,290.0,0.2535837090819294,"(280.999, 292.0]"
297230760,438.0,0.21380996591407853,"(426.0, 493.0]"
483712161,434.0,0.2300404102704231,"(426.0, 493.0]"
298250090,289.0,0.1769240166364796,"(280.999, 292.0]"
361040812,504.0,0.17511229698123643,"(493.0, 610.2]"
1809592670,281.0,0.21629258094379158,"(280.999, 292.0]"
448342846,478.0,0.2583713096847728,"(426.0, 493.0]"
823913632,319.0,0.19211090530914654,"(304.8, 326.0]"
5813023322,774.0,0.23628275971240786,"(610.2, 881.4]"
673776769,368.0,0.19073584761057494,"(346.6, 386.5]"
674882250,538.0,0.16021102423767222,"(493.0, 610.2]"
5813019833,292.0,0.1421958878287807,"(280.999, 292.0]"
759810119,478.0,0.030955626018509704,"(426.0, 493.0]"
860896571,567.0,0.1959031370016432,"(493.0, 610.2]"
5813068769,321.0,0.2056732646005572,"(304.8, 326.0]"
330640044,426.0,0.1887002620316091,"(386.5, 426.0]"
360591860,329.0,0.21311722676745237,"(326.0, 346.6]"
5813069064,327.0,-0.027133655797681996,"(326.0, 346.6]"
611015907,329.0,0.1726867204372413,"(326.0, 346.6]"
643398197,282.0,0.1913799717422596,"(280.999, 292.0]"
988567837,291.0,0.22632792262393311,"(280.999, 292.0]"
1888658233,327.0,-0.0843641716896062,"(326.0, 346.6]"
297580589,422.0,0.22659568287581944,"(386.5, 426.0]"
5813068840,365.0,0.14520458623067425,"(346.6, 386.5]"
5813022629,378.0,0.2059239758952636,"(346.6, 386.5]"
634962055,300.0,0.20843221495680644,"(292.0, 304.8]"
5813080838,303.0,0.21377466141100684,"(292.0, 304.8]"
1048215779,1248.0,0.09408107924081609,"(881.4, 2666.0]"
550081666,308.0,0.1575833777724537,"(304.8, 326.0]"
5813022896,866.0,0.1116808496729267,"(610.2, 881.4]"
5813070019,341.0,0.12819554773426625,"(326.0, 346.6]"
5813049168,364.0,-0.06656277713598918,"(346.6, 386.5]"
1570343631,328.0,0.19912372397664035,"(326.0, 346.6]"
1284675398,346.0,0.19467194500078916,"(326.0, 346.6]"
1817712927,399.0,0.1814465818290978,"(386.5, 426.0]"
1434949542,289.0,0.2169569366570744,"(280.999, 292.0]"
330678844,465.0,0.17292346251820725,"(426.0, 493.0]"
612371421,1143.0,0.17701060194074741,"(881.4, 2666.0]"
447228814,307.0,0.162834055439668,"(304.8, 326.0]"
1234386037,934.0,0.12803839887114066,"(881.4, 2666.0]"
5813024035,334.0,0.2578229204732081,"(326.0, 346.6]"
925008763,470.0,0.19525364437073717,"(426.0, 493.0]"
517514142,483.0,0.19758280206158724,"(426.0, 493.0]"
1139909038,444.0,0.19444337179572785,"(426.0, 493.0]"
1480525262,358.0,0.18665916920813058,"(346.6, 386.5]"
702506641,506.0,0.20714336766715918,"(493.0, 610.2]"
5813054726,560.0,-0.010329911442946153,"(493.0, 610.2]"
953414780,333.0,0.19932771373004712,"(326.0, 346.6]"
576574889,283.0,0.1674793990096776,"(280.999, 292.0]"
1321564092,1046.0,0.19305459553121804,"(881.4, 2666.0]"
612738462,602.0,0.11383200662704687,"(493.0, 610.2]"
479935033,288.0,0.2129708375282038,"(280.999, 292.0]"
298957166,484.0,0.2082311114140597,"(426.0, 493.0]"
1075827302,286.0,0.14736452350033877,"(280.999, 292.0]"
5813125985,287.0,0.1956536914435699,"(280.999, 292.0]"
985813153,862.0,0.17748093761119646,"(610.2, 881.4]"
5813055949,402.0,0.19512862325709804,"(386.5, 426.0]"
518930199,1147.0,0.2650535696497252,"(881.4, 2666.0]"
1670287030,1352.0,0.00315175743081159,"(881.4, 2666.0]"
636944318,334.0,0.1729305640921517,"(326.0, 346.6]"
5813022234,801.0,0.12990553478243394,"(610.2, 881.4]"
362715189,328.0,0.23010194633643688,"(326.0, 346.6]"
5813061538,386.0,0.19995981699383314,"(346.6, 386.5]"
632544268,292.0,0.2139516880795533,"(280.999, 292.0]"
328935472,402.0,0.18123659900306244,"(386.5, 426.0]"
1006984280,670.0,0.2596033848668983,"(610.2, 881.4]"
1670627928,473.0,-0.021973464518571257,"(426.0, 493.0]"
5813017315,361.0,0.1711754806175115,"(346.6, 386.5]"
1757612027,304.0,0.2135453930379383,"(292.0, 304.8]"
1078693835,1172.0,0.06939080388539069,"(881.4, 2666.0]"
2060448332,385.0,0.2812281718581259,"(346.6, 386.5]"
769263962,369.0,0.20226718468215418,"(346.6, 386.5]"
703900244,316.0,0.1659417710288083,"(304.8, 326.0]"
1640909284,1774.0,0.012026991283563597,"(881.4, 2666.0]"
1946178096,597.0,-0.009116838558089813,"(493.0, 610.2]"
1386512867,912.0,0.16841836321420303,"(881.4, 2666.0]"
1508274398,325.0,0.1738694905526289,"(304.8, 326.0]"
5813079288,333.0,0.26861677214007434,"(326.0, 346.6]"
1048172314,1360.0,0.17950478490618582,"(881.4, 2666.0]"
5813027276,908.0,0.19460931179692179,"(881.4, 2666.0]"
979627466,435.0,0.16255638742837314,"(426.0, 493.0]"
572870540,315.0,0.21955324182000968,"(304.8, 326.0]"
424789697,2044.0,0.1840493777585227,"(881.4, 2666.0]"
364217037,297.0,0.03466686424832526,"(292.0, 304.8]"
1417768398,412.0,0.18141954182392128,"(386.5, 426.0]"
799586652,850.0,0.08589880840699957,"(610.2, 881.4]"
739256609,446.0,0.22768272378068494,"(426.0, 493.0]"
941132434,287.0,0.2236452683957251,"(280.999, 292.0]"
1669924220,610.0,-0.007118004913859679,"(493.0, 610.2]"
298254384,332.0,0.20751458844526297,"(326.0, 346.6]"
1508123633,366.0,0.18143305649067745,"(346.6, 386.5]"
613079053,1078.0,0.2297973984455553,"(881.4, 2666.0]"
1762359683,411.0,-0.027672881497413628,"(386.5, 426.0]"
987117151,313.0,0.2071082252292469,"(304.8, 326.0]"
1343403608,1107.0,0.21876813933117215,"(881.4, 2666.0]"
424767514,1644.0,0.16823507048978226,"(881.4, 2666.0]"
5813021291,473.0,0.1418311508819377,"(426.0, 493.0]"
5813019513,894.0,0.2185560480640848,"(881.4, 2666.0]"
1281324958,612.0,0.22490653211780903,"(610.2, 881.4]"
1704347707,992.0,-0.0020625761934946734,"(881.4, 2666.0]"
1005953129,498.0,0.2289347265370426,"(493.0, 610.2]"
609548390,287.0,0.18555248839065783,"(280.999, 292.0]"
487187476,592.0,0.1702244546969112,"(493.0, 610.2]"
789398359,300.0,0.22072178710771795,"(292.0, 304.8]"
1354394414,601.0,0.27743470072389453,"(493.0, 610.2]"
5812983522,369.0,0.09287932168086233,"(346.6, 386.5]"
5813056598,438.0,-0.007719112582150802,"(426.0, 493.0]"
1732995501,483.0,-0.008959589476446875,"(426.0, 493.0]"
478375456,293.0,0.1993770692713253,"(292.0, 304.8]"
1005857944,414.0,0.27424424417428034,"(386.5, 426.0]"
361312808,518.0,0.22517535081883336,"(493.0, 610.2]"
1140249804,449.0,0.1984630446797802,"(426.0, 493.0]"
5813082237,310.0,0.2504887830107912,"(304.8, 326.0]"
892294329,305.0,0.205597943679873,"(304.8, 326.0]"
1383111671,287.0,0.1558755965315686,"(280.999, 292.0]"
484825371,370.0,0.18964961034887595,"(346.6, 386.5]"
5813132949,293.0,-0.014821720299215893,"(292.0, 304.8]"
1158402729,289.0,0.2325811553694651,"(280.999, 292.0]"
424918786,530.0,0.1530613574284872,"(493.0, 610.2]"
821193443,292.0,0.1663307727823256,"(280.999, 292.0]"
298258513,797.0,0.21817803688910758,"(610.2, 881.4]"
1344469589,290.0,0.14408181653291136,"(280.999, 292.0]"
800212579,420.0,0.18098933263296538,"(386.5, 426.0]"
547552266,488.0,0.21451088398723298,"(426.0, 493.0]"
1670273743,463.0,-0.03529283542558428,"(426.0, 493.0]"
5813056435,296.0,0.2048247048940029,"(292.0, 304.8]"
297917363,306.0,0.17957491198027978,"(304.8, 326.0]"
945237807,373.0,0.22542474883562508,"(346.6, 386.5]"
2135408892,455.0,-0.010724201149650866,"(426.0, 493.0]"
5813057178,704.0,0.24673877517611628,"(610.2, 881.4]"
5813052909,611.0,0.07575639909932426,"(610.2, 881.4]"
488922181,371.0,0.19307517912183725,"(346.6, 386.5]"
1670969318,518.0,-0.0208071194346615,"(493.0, 610.2]"
519046655,674.0,0.27165907368171077,"(610.2, 881.4]"
1670265095,509.0,-0.01611809201726117,"(493.0, 610.2]"
1497973422,387.0,0.16486647508185995,"(386.5, 426.0]"
793815358,378.0,0.2318912640261109,"(346.6, 386.5]"
1532034864,315.0,0.09948778856664943,"(304.8, 326.0]"
673746277,383.0,0.24304296913068538,"(346.6, 386.5]"
328533761,631.0,0.25939883403295544,"(610.2, 881.4]"
858587718,353.0,0.21907714743571907,"(346.6, 386.5]"
326253554,733.0,0.2663276904013097,"(610.2, 881.4]"
550422384,293.0,0.12117043633937093,"(292.0, 304.8]"
5812981264,287.0,0.0764142665913931,"(280.999, 292.0]"
861233275,588.0,0.205523531895616,"(493.0, 610.2]"
5813057861,356.0,0.17618305799465503,"(346.6, 386.5]"
673366098,342.0,0.10521283851606329,"(326.0, 346.6]"
1166186949,316.0,0.20965168764424122,"(304.8, 326.0]"
912545106,299.0,0.20130121170284387,"(292.0, 304.8]"
516055524,286.0,0.23994955973466453,"(280.999, 292.0]"
1629383757,375.0,0.22081038902536787,"(346.6, 386.5]"
800303089,344.0,0.15648267037646799,"(326.0, 346.6]"
763220810,303.0,0.17900612939834523,"(292.0, 304.8]"
575768294,361.0,0.2540625178902674,"(346.6, 386.5]"
5901206553,997.0,-0.01031059059007921,"(881.4, 2666.0]"
707116522,533.0,0.24716996666692345,"(493.0, 610.2]"
708290604,401.0,0.1714559305131343,"(386.5, 426.0]"
1103102334,353.0,0.1945432241508114,"(346.6, 386.5]"
611089775,850.0,0.17182558217744415,"(610.2, 881.4]"
5813040205,609.0,0.16973496626218823,"(493.0, 610.2]"
5813134052,292.0,0.16567975718976807,"(280.999, 292.0]"
1375245983,364.0,0.2098613068814165,"(346.6, 386.5]"
1779221851,394.0,0.22746315523550098,"(386.5, 426.0]"
5813056423,313.0,0.20264624234451803,"(304.8, 326.0]"
1449486007,515.0,0.20942014649229207,"(493.0, 610.2]"
1047183897,389.0,0.17759503242943558,"(386.5, 426.0]"
5813020684,304.0,0.1800244454300377,"(292.0, 304.8]"
947573616,990.0,0.20977863836827212,"(881.4, 2666.0]"
1040013335,318.0,0.2018452420346403,"(304.8, 326.0]"
1189230639,444.0,0.1598804422195977,"(426.0, 493.0]"
1312061760,314.0,0.18370930867350305,"(304.8, 326.0]"
297251714,516.0,0.2335811222430675,"(493.0, 610.2]"
1035045015,300.0,0.20371382140089064,"(292.0, 304.8]"
1534270924,516.0,0.23740531946978527,"(493.0, 610.2]"
1289359184,336.0,0.23170716995431023,"(326.0, 346.6]"
1504437450,351.0,0.2104197519417293,"(346.6, 386.5]"
5813020988,573.0,0.19794124513762684,"(493.0, 610.2]"
297925608,310.0,0.18537348364477182,"(304.8, 326.0]"
394225044,662.0,0.03987662871993417,"(610.2, 881.4]"
5813054716,521.0,-0.02812690908753845,"(493.0, 610.2]"
5813047763,410.0,0.23734849585116205,"(386.5, 426.0]"
5813021583,361.0,0.18188259784065952,"(346.6, 386.5]"
1874782886,653.0,0.19094864742989107,"(610.2, 881.4]"
1138579549,300.0,0.19496997235458008,"(292.0, 304.8]"
5813054096,370.0,0.26726180840409264,"(346.6, 386.5]"
387364605,288.0,0.21263879738730104,"(280.999, 292.0]"
423382015,577.0,0.13283083446259522,"(493.0, 610.2]"
5812989161,468.0,0.19686808071636497,"(426.0, 493.0]"
5813064410,441.0,0.2721975614969284,"(426.0, 493.0]"
5813009620,405.0,0.19451164724680697,"(386.5, 426.0]"
5813054969,337.0,-0.024036705496271564,"(326.0, 346.6]"
5813047489,343.0,0.23291992967917477,"(326.0, 346.6]"
1188889654,317.0,0.1597543887602621,"(304.8, 326.0]"
857793013,341.0,0.1851949157786302,"(326.0, 346.6]"
638312678,300.0,0.17887078970566217,"(292.0, 304.8]"
1594795610,354.0,0.16612230622024263,"(346.6, 386.5]"
5813055277,560.0,0.0065996027275593205,"(493.0, 610.2]"
5813078378,303.0,0.2653630973403515,"(292.0, 304.8]"
614081151,423.0,0.2396550300354522,"(386.5, 426.0]"
1825440160,293.0,0.02039422842300668,"(292.0, 304.8]"
1761345315,426.0,0.004874473114850266,"(386.5, 426.0]"
642516892,556.0,0.16074789256204258,"(493.0, 610.2]"
1034219901,293.0,0.21338578542966163,"(292.0, 304.8]"
5813055913,310.0,0.28142700625312117,"(304.8, 326.0]"
579268807,328.0,0.29552661790506507,"(326.0, 346.6]"
5813042951,306.0,-0.046673350366221666,"(304.8, 326.0]"
298616588,347.0,0.17017149531709963,"(346.6, 386.5]"
1513363614,312.0,0.20752796088072817,"(304.8, 326.0]"
790405385,346.0,0.19040703437042572,"(326.0, 346.6]"
1566597156,369.0,0.18896557597620323,"(346.6, 386.5]"
1535082316,310.0,0.11576361476448634,"(304.8, 326.0]"
1232038141,325.0,0.1864077999843093,"(304.8, 326.0]"
326530038,338.0,0.22030565468955995,"(326.0, 346.6]"
981194127,609.0,0.1888850570997556,"(493.0, 610.2]"
1014344148,474.0,0.19106620171723085,"(426.0, 493.0]"
695629525,296.0,0.20872990790084262,"(292.0, 304.8]"
672283773,291.0,0.19425586475292364,"(280.999, 292.0]"
1131827390,328.0,0.22700646948511888,"(326.0, 346.6]"
766186252,360.0,0.14909780659667202,"(346.6, 386.5]"
1762354941,513.0,0.0017510863046779099,"(493.0, 610.2]"
1447576662,314.0,0.21336193576261722,"(304.8, 326.0]"
884477487,415.0,0.2771851761290405,"(386.5, 426.0]"
610274046,289.0,0.010546144334808785,"(280.999, 292.0]"
580732172,335.0,0.15405705862172725,"(326.0, 346.6]"
5813117385,493.0,0.22583840710617178,"(426.0, 493.0]"
550988122,357.0,0.17083495844195518,"(346.6, 386.5]"
703106626,538.0,0.23113843200410897,"(493.0, 610.2]"
5813069859,445.0,0.24948775916025848,"(426.0, 493.0]"
548570973,397.0,0.16741424983155556,"(386.5, 426.0]"
1416796844,415.0,0.1663641383784767,"(386.5, 426.0]"
668967527,600.0,0.20799861358799915,"(493.0, 610.2]"
328010530,585.0,0.23348491715426067,"(493.0, 610.2]"
513784136,318.0,0.2776224945458572,"(304.8, 326.0]"
1081957306,422.0,0.2104794372066167,"(386.5, 426.0]"
541118908,298.0,0.22579835780082094,"(292.0, 304.8]"
5813019517,326.0,0.16892663255612977,"(304.8, 326.0]"
1072063538,337.0,0.2764243234872273,"(326.0, 346.6]"
5813027016,557.0,0.28993552608140255,"(493.0, 610.2]"
452742028,282.0,0.19256802309274162,"(280.999, 292.0]"
576825965,373.0,0.24791964212677942,"(346.6, 386.5]"
5813014873,291.0,0.21647581589888698,"(280.999, 292.0]"
1168664495,295.0,0.2122991263054425,"(292.0, 304.8]"
673639143,616.0,0.1660008811218711,"(610.2, 881.4]"
1159555822,310.0,0.19230428061276542,"(304.8, 326.0]"
1343736290,329.0,0.15453615374708288,"(326.0, 346.6]"
2307027729,548.0,0.19549311083770515,"(493.0, 610.2]"
1078517402,312.0,0.22373253818168548,"(304.8, 326.0]"
861665641,924.0,0.12719837881026974,"(881.4, 2666.0]"
1699974843,487.0,-0.0017337832727023846,"(426.0, 493.0]"
327499164,804.0,0.22799202591655587,"(610.2, 881.4]"
5901217908,376.0,0.20166165131948038,"(346.6, 386.5]"
5812981381,693.0,0.2102996433298918,"(610.2, 881.4]"
1702306037,409.0,-0.008159552964446596,"(386.5, 426.0]"
5812980746,464.0,0.1711433176262471,"(426.0, 493.0]"
5813069512,303.0,0.1750252596004154,"(292.0, 304.8]"
328265389,497.0,0.20072590663348341,"(493.0, 610.2]"
1640572741,1509.0,0.008085464157087668,"(881.4, 2666.0]"
704466265,1006.0,0.13247749656209873,"(881.4, 2666.0]"
5813018460,1102.0,-0.0076991671834608375,"(881.4, 2666.0]"
5813069085,487.0,0.004631459868936981,"(426.0, 493.0]"
1640922516,523.0,-0.001931121771104131,"(493.0, 610.2]"
636789080,300.0,-0.03083931473689309,"(292.0, 304.8]"
797989902,323.0,0.20539403565834569,"(304.8, 326.0]"
5813058050,424.0,0.1592583565813064,"(386.5, 426.0]"
328611004,665.0,0.2223074878717139,"(610.2, 881.4]"
487143497,893.0,0.18598357545856398,"(881.4, 2666.0]"
1222778569,410.0,0.24157570833921563,"(386.5, 426.0]"
5813063587,308.0,0.25391160858699297,"(304.8, 326.0]"
455154890,336.0,0.1766951085972259,"(326.0, 346.6]"
1189606310,281.0,0.15846637470074654,"(280.999, 292.0]"
485585976,474.0,0.1375857164011023,"(426.0, 493.0]"
449438847,301.0,0.19569755587007265,"(292.0, 304.8]"
1873086710,968.0,0.20441946663476707,"(881.4, 2666.0]"
725951521,290.0,0.22169422780844267,"(280.999, 292.0]"
673863199,302.0,0.172999119125155,"(292.0, 304.8]"
1699029767,436.0,-0.04666698517076258,"(426.0, 493.0]"
517872280,320.0,0.15893042244424588,"(304.8, 326.0]"
5813022257,377.0,0.2748225262014079,"(346.6, 386.5]"
5813057606,333.0,0.25438095734067073,"(326.0, 346.6]"
551790504,318.0,0.07186597928552685,"(304.8, 326.0]"
1499277688,400.0,0.1684555271585673,"(386.5, 426.0]"
1323407050,295.0,0.18665151942390393,"(292.0, 304.8]"
5813022341,1985.0,0.179607833411062,"(881.4, 2666.0]"
917647959,398.0,0.18966442510606393,"(386.5, 426.0]"
549282467,289.0,0.2335263604679964,"(280.999, 292.0]"
1671620613,648.0,-0.008138258299509264,"(610.2, 881.4]"
707539688,422.0,0.23941811880159947,"(386.5, 426.0]"
1591156798,292.0,0.2947729504529319,"(280.999, 292.0]"
5812989815,431.0,0.23418956081879203,"(426.0, 493.0]"
541870397,293.0,0.21147983966401596,"(292.0, 304.8]"
5813098368,485.0,0.17425403203958922,"(426.0, 493.0]"
422751191,651.0,0.18121254936744347,"(610.2, 881.4]"
5813054347,370.0,0.20251007597548357,"(346.6, 386.5]"
1290209390,428.0,0.25407789866392744,"(426.0, 493.0]"
1667251683,823.0,-0.001973123683022125,"(610.2, 881.4]"
1936507376,315.0,0.16586678412649708,"(304.8, 326.0]"
5813021112,909.0,0.23130860092935696,"(881.4, 2666.0]"
485934965,1030.0,0.2123917494479122,"(881.4, 2666.0]"
5813024692,311.0,0.006191945571370413,"(304.8, 326.0]"
421641859,389.0,0.22502321521825855,"(386.5, 426.0]"
1225290633,348.0,0.2575897241447421,"(346.6, 386.5]"
5813083779,443.0,0.20290534304817523,"(426.0, 493.0]"
1002507159,288.0,0.20771641600999624,"(280.999, 292.0]"
642732835,1104.0,0.1963388836634224,"(881.4, 2666.0]"
1826121523,301.0,-0.030091114471460765,"(292.0, 304.8]"
919763043,417.0,0.24747893621593658,"(386.5, 426.0]"
1632016438,395.0,0.19755227540472609,"(386.5, 426.0]"
977045758,327.0,0.2070501002462251,"(326.0, 346.6]"
915549815,371.0,0.24195104693346736,"(346.6, 386.5]"
1640922754,311.0,-0.022604904986097463,"(304.8, 326.0]"
883514695,493.0,0.23231676949984062,"(426.0, 493.0]"
542376096,320.0,0.20516461673134773,"(304.8, 326.0]"
5813034531,292.0,-0.040954686082972806,"(280.999, 292.0]"
296139882,535.0,0.24005431649429618,"(493.0, 610.2]"
643393688,819.0,0.27269788547948337,"(610.2, 881.4]"
1008378448,542.0,0.2871268707675164,"(493.0, 610.2]"
894020730,556.0,0.17849400475637642,"(493.0, 610.2]"
5813089157,286.0,0.15835829566032672,"(280.999, 292.0]"
5813024698,1615.0,-0.0008546984313941631,"(881.4, 2666.0]"
5813062838,350.0,0.1752522726439787,"(346.6, 386.5]"
641688553,341.0,0.159609996486377,"(326.0, 346.6]"
792326206,809.0,0.2640821462254905,"(610.2, 881.4]"
1100404634,365.0,0.23839144675605675,"(346.6, 386.5]"
5901218894,1422.0,0.004485946634386165,"(881.4, 2666.0]"
5813032595,499.0,0.004848768326807686,"(493.0, 610.2]"
859839499,972.0,0.19876494196478042,"(881.4, 2666.0]"
5813075196,327.0,-0.0365860010061871,"(326.0, 346.6]"
298258611,464.0,0.19580433052527332,"(426.0, 493.0]"
1406000196,297.0,0.2667524293639423,"(292.0, 304.8]"
731736853,428.0,0.29215216039970154,"(426.0, 493.0]"
5813024015,315.0,0.13186257566461326,"(304.8, 326.0]"
797442049,379.0,0.1823148660200847,"(346.6, 386.5]"
5812981543,290.0,0.06059099245823483,"(280.999, 292.0]"
695956656,292.0,0.2216302107707847,"(280.999, 292.0]"
1670916819,344.0,-0.03378705225076943,"(326.0, 346.6]"
5813050455,413.0,0.2970357968951839,"(386.5, 426.0]"
579575594,436.0,0.16530135796163434,"(426.0, 493.0]"
362473525,431.0,0.2643233298890197,"(426.0, 493.0]"
5812980291,369.0,0.21491365714948008,"(346.6, 386.5]"
297947227,288.0,0.23554711319855698,"(280.999, 292.0]"
918334668,402.0,0.18422203785380956,"(386.5, 426.0]"
5813067721,282.0,0.0381364202813687,"(280.999, 292.0]"
823058891,297.0,0.2093688002419215,"(292.0, 304.8]"
5813087891,300.0,0.20871581016598886,"(292.0, 304.8]"
5813054384,281.0,0.18735890531427749,"(280.999, 292.0]"
328870472,364.0,0.18146100715116156,"(346.6, 386.5]"
1136752885,336.0,0.18298843190108582,"(326.0, 346.6]"
733458828,388.0,0.19085587777464053,"(386.5, 426.0]"
5813057404,302.0,0.22164809659112553,"(292.0, 304.8]"
1348312221,441.0,0.22485978183416475,"(426.0, 493.0]"
5813075020,494.0,0.1310974588717177,"(493.0, 610.2]"
733036127,933.0,0.12290133044993772,"(881.4, 2666.0]"
5812983831,426.0,0.24636371615051442,"(386.5, 426.0]"
1300276335,318.0,0.19342430879517974,"(304.8, 326.0]"
544038123,459.0,0.2472277563388817,"(426.0, 493.0]"
481657750,362.0,0.19428705016431502,"(346.6, 386.5]"
1383383062,396.0,0.2577189025193538,"(386.5, 426.0]"
1068885266,622.0,0.24303051422586583,"(610.2, 881.4]"
5813019607,881.0,0.1316230421584176,"(610.2, 881.4]"
1262360335,322.0,0.18298728537190004,"(304.8, 326.0]"
425276848,2309.0,0.050439603553490024,"(881.4, 2666.0]"
5813061541,290.0,0.20105284428095072,"(280.999, 292.0]"
1655997973,333.0,0.19306052231036983,"(326.0, 346.6]"
300972942,897.0,0.1228499563357549,"(881.4, 2666.0]"
5813026661,311.0,0.19102689869887746,"(304.8, 326.0]"
328861282,706.0,0.24562817318503416,"(610.2, 881.4]"
5813083780,437.0,0.1733694390175473,"(426.0, 493.0]"
5813061512,1012.0,0.21830115374556974,"(881.4, 2666.0]"
550275952,307.0,0.14076458292516275,"(304.8, 326.0]"
912951014,392.0,0.18220618425652876,"(386.5, 426.0]"
1591701396,308.0,0.23937894914113916,"(304.8, 326.0]"
1069002537,300.0,0.25859121759785464,"(292.0, 304.8]"
1573612290,302.0,0.15675328122321233,"(292.0, 304.8]"
5813026936,331.0,0.2267399735760942,"(326.0, 346.6]"
5813054773,678.0,0.0007956862528905192,"(610.2, 881.4]"
791527493,342.0,0.2633333351990072,"(326.0, 346.6]"
1203066222,286.0,0.152698452404007,"(280.999, 292.0]"
1135441187,885.0,0.18908275830308302,"(881.4, 2666.0]"
671574812,341.0,0.23715431185412458,"(326.0, 346.6]"
